Workbook

Sheet Sổ bán hàng
A1: SỔ CHI TIẾT BÁN HÀNG
A3: Năm:
A4: Đơn vị:
A5: Người lập:
A7: Ngày | B7: Số HĐ | C7: Mã KH | D7: Mã hàng | E7: Tên hàng | F7: Số lượng | G7: Đơn giá | H7: Thành tiền | I7: CK (%) | J7: Tiền CK | K7: VAT | L7: Phải thu | M7: Tháng
E8: =IF(D8="","",IFERROR(VLOOKUP(D8,'Danh mục'!$A$4:$C$13,2,FALSE),"Không rõ mã")) | G8: =IF(D8="","",IFERROR(VLOOKUP(D8,'Danh mục'!$A$4:$C$13,3,FALSE),0)) | H8: =IF(F8="","",F8*G8) | I8: =IF(F8="","",IF(F8>=50,5%,IF(F8>=20,2%,0))) | J8: =IF(H8="","",ROUND(H8*I8,0)) | K8: =IF(H8="","",ROUND((H8-J8)*'Danh mục'!$F$3/100,0)) | L8: =IF(H8="","",H8-J8+K8) | M8: =IF(A8="","",MONTH(A8))
E9: =IF(D9="","",IFERROR(VLOOKUP(D9,'Danh mục'!$A$4:$C$13,2,FALSE),"Không rõ mã")) | G9: =IF(D9="","",IFERROR(VLOOKUP(D9,'Danh mục'!$A$4:$C$13,3,FALSE),0)) | H9: =IF(F9="","",F9*G9) | I9: =IF(F9="","",IF(F9>=50,5%,IF(F9>=20,2%,0))) | J9: =IF(H9="","",ROUND(H9*I9,0)) | K9: =IF(H9="","",ROUND((H9-J9)*'Danh mục'!$F$3/100,0)) | L9: =IF(H9="","",H9-J9+K9) | M9: =IF(A9="","",MONTH(A9))
E10: =IF(D10="","",IFERROR(VLOOKUP(D10,'Danh mục'!$A$4:$C$13,2,FALSE),"Không rõ mã")) | G10: =IF(D10="","",IFERROR(VLOOKUP(D10,'Danh mục'!$A$4:$C$13,3,FALSE),0)) | H10: =IF(F10="","",F10*G10) | I10: =IF(F10="","",IF(F10>=50,5%,IF(F10>=20,2%,0))) | J10: =IF(H10="","",ROUND(H10*I10,0)) | K10: =IF(H10="","",ROUND((H10-J10)*'Danh mục'!$F$3/100,0)) | L10: =IF(H10="","",H10-J10+K10) | M10: =IF(A10="","",MONTH(A10))
E11: =IF(D11="","",IFERROR(VLOOKUP(D11,'Danh mục'!$A$4:$C$13,2,FALSE),"Không rõ mã")) | G11: =IF(D11="","",IFERROR(VLOOKUP(D11,'Danh mục'!$A$4:$C$13,3,FALSE),0)) | H11: =IF(F11="","",F11*G11) | I11: =IF(F11="","",IF(F11>=50,5%,IF(F11>=20,2%,0))) | J11: =IF(H11="","",ROUND(H11*I11,0)) | K11: =IF(H11="","",ROUND((H11-J11)*'Danh mục'!$F$3/100,0)) | L11: =IF(H11="","",H11-J11+K11) | M11: =IF(A11="","",MONTH(A11))
E12: =IF(D12="","",IFERROR(VLOOKUP(D12,'Danh mục'!$A$4:$C$13,2,FALSE),"Không rõ mã")) | G12: =IF(D12="","",IFERROR(VLOOKUP(D12,'Danh mục'!$A$4:$C$13,3,FALSE),0)) | H12: =IF(F12="","",F12*G12) | I12: =IF(F12="","",IF(F12>=50,5%,IF(F12>=20,2%,0))) | J12: =IF(H12="","",ROUND(H12*I12,0)) | K12: =IF(H12="","",ROUND((H12-J12)*'Danh mục'!$F$3/100,0)) | L12: =IF(H12="","",H12-J12+K12) | M12: =IF(A12="","",MONTH(A12))
E13: =IF(D13="","",IFERROR(VLOOKUP(D13,'Danh mục'!$A$4:$C$13,2,FALSE),"Không rõ mã")) | G13: =IF(D13="","",IFERROR(VLOOKUP(D13,'Danh mục'!$A$4:$C$13,3,FALSE),0)) | H13: =IF(F13="","",F13*G13) | I13: =IF(F13="","",IF(F13>=50,5%,IF(F13>=20,2%,0))) | J13: =IF(H13="","",ROUND(H13*I13,0)) | K13: =IF(H13="","",ROUND((H13-J13)*'Danh mục'!$F$3/100,0)) | L13: =IF(H13="","",H13-J13+K13) | M13: =IF(A13="","",MONTH(A13))
E14: =IF(D14="","",IFERROR(VLOOKUP(D14,'Danh mục'!$A$4:$C$13,2,FALSE),"Không rõ mã")) | G14: =IF(D14="","",IFERROR(VLOOKUP(D14,'Danh mục'!$A$4:$C$13,3,FALSE),0)) | H14: =IF(F14="","",F14*G14) | I14: =IF(F14="","",IF(F14>=50,5%,IF(F14>=20,2%,0))) | J14: =IF(H14="","",ROUND(H14*I14,0)) | K14: =IF(H14="","",ROUND((H14-J14)*'Danh mục'!$F$3/100,0)) | L14: =IF(H14="","",H14-J14+K14) | M14: =IF(A14="","",MONTH(A14))
E15: =IF(D15="","",IFERROR(VLOOKUP(D15,'Danh mục'!$A$4:$C$13,2,FALSE),"Không rõ mã")) | G15: =IF(D15="","",IFERROR(VLOOKUP(D15,'Danh mục'!$A$4:$C$13,3,FALSE),0)) | H15: =IF(F15="","",F15*G15) | I15: =IF(F15="","",IF(F15>=50,5%,IF(F15>=20,2%,0))) | J15: =IF(H15="","",ROUND(H15*I15,0)) | K15: =IF(H15="","",ROUND((H15-J15)*'Danh mục'!$F$3/100,0)) | L15: =IF(H15="","",H15-J15+K15) | M15: =IF(A15="","",MONTH(A15))
E16: =IF(D16="","",IFERROR(VLOOKUP(D16,'Danh mục'!$A$4:$C$13,2,FALSE),"Không rõ mã")) | G16: =IF(D16="","",IFERROR(VLOOKUP(D16,'Danh mục'!$A$4:$C$13,3,FALSE),0)) | H16: =IF(F16="","",F16*G16) | I16: =IF(F16="","",IF(F16>=50,5%,IF(F16>=20,2%,0))) | J16: =IF(H16="","",ROUND(H16*I16,0)) | K16: =IF(H16="","",ROUND((H16-J16)*'Danh mục'!$F$3/100,0)) | L16: =IF(H16="","",H16-J16+K16) | M16: =IF(A16="","",MONTH(A16))
E17: =IF(D17="","",IFERROR(VLOOKUP(D17,'Danh mục'!$A$4:$C$13,2,FALSE),"Không rõ mã")) | G17: =IF(D17="","",IFERROR(VLOOKUP(D17,'Danh mục'!$A$4:$C$13,3,FALSE),0)) | H17: =IF(F17="","",F17*G17) | I17: =IF(F17="","",IF(F17>=50,5%,IF(F17>=20,2%,0))) | J17: =IF(H17="","",ROUND(H17*I17,0)) | K17: =IF(H17="","",ROUND((H17-J17)*'Danh mục'!$F$3/100,0)) | L17: =IF(H17="","",H17-J17+K17) | M17: =IF(A17="","",MONTH(A17))
E18: =IF(D18="","",IFERROR(VLOOKUP(D18,'Danh mục'!$A$4:$C$13,2,FALSE),"Không rõ mã")) | G18: =IF(D18="","",IFERROR(VLOOKUP(D18,'Danh mục'!$A$4:$C$13,3,FALSE),0)) | H18: =IF(F18="","",F18*G18) | I18: =IF(F18="","",IF(F18>=50,5%,IF(F18>=20,2%,0))) | J18: =IF(H18="","",ROUND(H18*I18,0)) | K18: =IF(H18="","",ROUND((H18-J18)*'Danh mục'!$F$3/100,0)) | L18: =IF(H18="","",H18-J18+K18) | M18: =IF(A18="","",MONTH(A18))
E19: =IF(D19="","",IFERROR(VLOOKUP(D19,'Danh mục'!$A$4:$C$13,2,FALSE),"Không rõ mã")) | G19: =IF(D19="","",IFERROR(VLOOKUP(D19,'Danh mục'!$A$4:$C$13,3,FALSE),0)) | H19: =IF(F19="","",F19*G19) | I19: =IF(F19="","",IF(F19>=50,5%,IF(F19>=20,2%,0))) | J19: =IF(H19="","",ROUND(H19*I19,0)) | K19: =IF(H19="","",ROUND((H19-J19)*'Danh mục'!$F$3/100,0)) | L19: =IF(H19="","",H19-J19+K19) | M19: =IF(A19="","",MONTH(A19))
... E407: =IF(D407="","",IFERROR(VLOOKUP(D407,'Danh mục'!$A$4:$C$13,2,FALSE),"Không rõ mã")) | G407: =IF(D407="","",IFERROR(VLOOKUP(D407,'Danh mục'!$A$4:$C$13,3,FALSE),0)) | H407: =IF(F407="","",F407*G407) | I407: =IF(F407="","",IF(F407>=50,5%,IF(F407>=20,2%,0))) | J407: =IF(H407="","",ROUND(H407*I407,0)) | K407: =IF(H407="","",ROUND((H407-J407)*'Danh mục'!$F$3/100,0)) | L407: =IF(H407="","",H407-J407+K407) | M407: =IF(A407="","",MONTH(A407))
B408: Tổng cộng | F408: =SUBTOTAL(9,F8:F407) -> 0 | H408: =SUBTOTAL(9,H8:H407) -> 0 | J408: =SUBTOTAL(9,J8:J407) -> 0 | K408: =SUBTOTAL(9,K8:K407) -> 0 | L408: =SUBTOTAL(9,L8:L407) -> 0

Sheet Danh mục
A1: DANH MỤC HÀNG HÓA
A3: Mã hàng | B3: Tên hàng | C3: Đơn giá | E3: VAT (%) | F3: 10
A4: SP-01 | B4: Laptop văn phòng 14 inch | C4: 15900000
A5: SP-02 | B5: Màn hình 24 inch IPS | C5: 3250000
A6: SP-03 | B6: Bàn phím cơ | C6: 890000
A7: SP-04 | B7: Chuột không dây | C7: 245000
A8: SP-05 | B8: Tai nghe chụp tai | C8: 650000
A9: SP-06 | B9: Webcam HD | C9: 720000
A10: SP-07 | B10: Ổ cứng SSD 1TB | C10: 1850000
A11: SP-08 | B11: Router Wi-Fi 6 | C11: 1290000
A12: SP-09 | B12: Cáp HDMI 2m | C12: 65000
A13: SP-10 | B13: Giá đỡ laptop | C13: 320000

Sheet Tổng hợp
A1: TỔNG HỢP BÁN HÀNG
A3: Tháng | B3: Số dòng | C3: Số lượng | D3: Doanh thu | E3: Chiết khấu | F3: Phải thu | G3: TB/dòng | H3: % cả năm | I3: Lũy kế | K3: CHỈ SỐ NHANH
A4: 1 | B4: =COUNTIF('Sổ bán hàng'!$M$8:$M$407,A4) -> 0 | C4: =SUMIF('Sổ bán hàng'!$M$8:$M$407,A4,'Sổ bán hàng'!$F$8:$F$407) -> 0 | D4: =SUMIF('Sổ bán hàng'!$M$8:$M$407,A4,'Sổ bán hàng'!$H$8:$H$407) -> 0 | E4: =SUMIF('Sổ bán hàng'!$M$8:$M$407,A4,'Sổ bán hàng'!$J$8:$J$407) -> 0 | F4: =SUMIF('Sổ bán hàng'!$M$8:$M$407,A4,'Sổ bán hàng'!$L$8:$L$407) -> 0 | G4: =IFERROR(AVERAGEIF('Sổ bán hàng'!$M$8:$M$407,A4,'Sổ bán hàng'!$L$8:$L$407),0) -> 0 | H4: =IF($F$16=0,0,F4/$F$16) -> 0 | I4: =SUM($F$4:F4) -> 0 | K4: Tổng phải thu cả năm | L4: =F16 -> 0
A5: 2 | B5: =COUNTIF('Sổ bán hàng'!$M$8:$M$407,A5) -> 0 | C5: =SUMIF('Sổ bán hàng'!$M$8:$M$407,A5,'Sổ bán hàng'!$F$8:$F$407) -> 0 | D5: =SUMIF('Sổ bán hàng'!$M$8:$M$407,A5,'Sổ bán hàng'!$H$8:$H$407) -> 0 | E5: =SUMIF('Sổ bán hàng'!$M$8:$M$407,A5,'Sổ bán hàng'!$J$8:$J$407) -> 0 | F5: =SUMIF('Sổ bán hàng'!$M$8:$M$407,A5,'Sổ bán hàng'!$L$8:$L$407) -> 0 | G5: =IFERROR(AVERAGEIF('Sổ bán hàng'!$M$8:$M$407,A5,'Sổ bán hàng'!$L$8:$L$407),0) -> 0 | H5: =IF($F$16=0,0,F5/$F$16) -> 0 | I5: =SUM($F$4:F5) -> 0 | K5: Dòng phải thu lớn nhất | L5: =MAX('Sổ bán hàng'!$L$8:$L$407) -> 0
A6: 3 | B6: =COUNTIF('Sổ bán hàng'!$M$8:$M$407,A6) -> 0 | C6: =SUMIF('Sổ bán hàng'!$M$8:$M$407,A6,'Sổ bán hàng'!$F$8:$F$407) -> 0 | D6: =SUMIF('Sổ bán hàng'!$M$8:$M$407,A6,'Sổ bán hàng'!$H$8:$H$407) -> 0 | E6: =SUMIF('Sổ bán hàng'!$M$8:$M$407,A6,'Sổ bán hàng'!$J$8:$J$407) -> 0 | F6: =SUMIF('Sổ bán hàng'!$M$8:$M$407,A6,'Sổ bán hàng'!$L$8:$L$407) -> 0 | G6: =IFERROR(AVERAGEIF('Sổ bán hàng'!$M$8:$M$407,A6,'Sổ bán hàng'!$L$8:$L$407),0) -> 0 | H6: =IF($F$16=0,0,F6/$F$16) -> 0 | I6: =SUM($F$4:F6) -> 0 | K6: Dòng phải thu nhỏ nhất | L6: =MIN('Sổ bán hàng'!$L$8:$L$407) -> 0
A7: 4 | B7: =COUNTIF('Sổ bán hàng'!$M$8:$M$407,A7) -> 0 | C7: =SUMIF('Sổ bán hàng'!$M$8:$M$407,A7,'Sổ bán hàng'!$F$8:$F$407) -> 0 | D7: =SUMIF('Sổ bán hàng'!$M$8:$M$407,A7,'Sổ bán hàng'!$H$8:$H$407) -> 0 | E7: =SUMIF('Sổ bán hàng'!$M$8:$M$407,A7,'Sổ bán hàng'!$J$8:$J$407) -> 0 | F7: =SUMIF('Sổ bán hàng'!$M$8:$M$407,A7,'Sổ bán hàng'!$L$8:$L$407) -> 0 | G7: =IFERROR(AVERAGEIF('Sổ bán hàng'!$M$8:$M$407,A7,'Sổ bán hàng'!$L$8:$L$407),0) -> 0 | H7: =IF($F$16=0,0,F7/$F$16) -> 0 | I7: =SUM($F$4:F7) -> 0 | K7: Trung bình mỗi dòng | L7: =IFERROR(ROUND(AVERAGE('Sổ bán hàng'!$L$8:$L$407),0),0) -> 0
A8: 5 | B8: =COUNTIF('Sổ bán hàng'!$M$8:$M$407,A8) -> 0 | C8: =SUMIF('Sổ bán hàng'!$M$8:$M$407,A8,'Sổ bán hàng'!$F$8:$F$407) -> 0 | D8: =SUMIF('Sổ bán hàng'!$M$8:$M$407,A8,'Sổ bán hàng'!$H$8:$H$407) -> 0 | E8: =SUMIF('Sổ bán hàng'!$M$8:$M$407,A8,'Sổ bán hàng'!$J$8:$J$407) -> 0 | F8: =SUMIF('Sổ bán hàng'!$M$8:$M$407,A8,'Sổ bán hàng'!$L$8:$L$407) -> 0 | G8: =IFERROR(AVERAGEIF('Sổ bán hàng'!$M$8:$M$407,A8,'Sổ bán hàng'!$L$8:$L$407),0) -> 0 | H8: =IF($F$16=0,0,F8/$F$16) -> 0 | I8: =SUM($F$4:F8) -> 0 | K8: Trung vị mỗi dòng | L8: =IFERROR(MEDIAN('Sổ bán hàng'!$L$8:$L$407),0) -> 0
A9: 6 | B9: =COUNTIF('Sổ bán hàng'!$M$8:$M$407,A9) -> 0 | C9: =SUMIF('Sổ bán hàng'!$M$8:$M$407,A9,'Sổ bán hàng'!$F$8:$F$407) -> 0 | D9: =SUMIF('Sổ bán hàng'!$M$8:$M$407,A9,'Sổ bán hàng'!$H$8:$H$407) -> 0 | E9: =SUMIF('Sổ bán hàng'!$M$8:$M$407,A9,'Sổ bán hàng'!$J$8:$J$407) -> 0 | F9: =SUMIF('Sổ bán hàng'!$M$8:$M$407,A9,'Sổ bán hàng'!$L$8:$L$407) -> 0 | G9: =IFERROR(AVERAGEIF('Sổ bán hàng'!$M$8:$M$407,A9,'Sổ bán hàng'!$L$8:$L$407),0) -> 0 | H9: =IF($F$16=0,0,F9/$F$16) -> 0 | I9: =SUM($F$4:F9) -> 0 | K9: Số hóa đơn | L9: =SUMPRODUCT(('Sổ bán hàng'!$B$8:$B$407<>"")/COUNTIF('Sổ bán hàng'!$B$8:$B$407,'Sổ bán hàng'!$B$8:$B$407&"")) -> 0
A10: 7 | B10: =COUNTIF('Sổ bán hàng'!$M$8:$M$407,A10) -> 0 | C10: =SUMIF('Sổ bán hàng'!$M$8:$M$407,A10,'Sổ bán hàng'!$F$8:$F$407) -> 0 | D10: =SUMIF('Sổ bán hàng'!$M$8:$M$407,A10,'Sổ bán hàng'!$H$8:$H$407) -> 0 | E10: =SUMIF('Sổ bán hàng'!$M$8:$M$407,A10,'Sổ bán hàng'!$J$8:$J$407) -> 0 | F10: =SUMIF('Sổ bán hàng'!$M$8:$M$407,A10,'Sổ bán hàng'!$L$8:$L$407) -> 0 | G10: =IFERROR(AVERAGEIF('Sổ bán hàng'!$M$8:$M$407,A10,'Sổ bán hàng'!$L$8:$L$407),0) -> 0 | H10: =IF($F$16=0,0,F10/$F$16) -> 0 | I10: =SUM($F$4:F10) -> 0 | K10: Số khách hàng | L10: =SUMPRODUCT(('Sổ bán hàng'!$C$8:$C$407<>"")/COUNTIF('Sổ bán hàng'!$C$8:$C$407,'Sổ bán hàng'!$C$8:$C$407&"")) -> 0
A11: 8 | B11: =COUNTIF('Sổ bán hàng'!$M$8:$M$407,A11) -> 0 | C11: =SUMIF('Sổ bán hàng'!$M$8:$M$407,A11,'Sổ bán hàng'!$F$8:$F$407) -> 0 | D11: =SUMIF('Sổ bán hàng'!$M$8:$M$407,A11,'Sổ bán hàng'!$H$8:$H$407) -> 0 | E11: =SUMIF('Sổ bán hàng'!$M$8:$M$407,A11,'Sổ bán hàng'!$J$8:$J$407) -> 0 | F11: =SUMIF('Sổ bán hàng'!$M$8:$M$407,A11,'Sổ bán hàng'!$L$8:$L$407) -> 0 | G11: =IFERROR(AVERAGEIF('Sổ bán hàng'!$M$8:$M$407,A11,'Sổ bán hàng'!$L$8:$L$407),0) -> 0 | H11: =IF($F$16=0,0,F11/$F$16) -> 0 | I11: =SUM($F$4:F11) -> 0 | K11: Tháng phải thu cao nhất | L11: =INDEX(A4:A15,MATCH(MAX(F4:F15),F4:F15,0)) -> 0
A12: 9 | B12: =COUNTIF('Sổ bán hàng'!$M$8:$M$407,A12) -> 0 | C12: =SUMIF('Sổ bán hàng'!$M$8:$M$407,A12,'Sổ bán hàng'!$F$8:$F$407) -> 0 | D12: =SUMIF('Sổ bán hàng'!$M$8:$M$407,A12,'Sổ bán hàng'!$H$8:$H$407) -> 0 | E12: =SUMIF('Sổ bán hàng'!$M$8:$M$407,A12,'Sổ bán hàng'!$J$8:$J$407) -> 0 | F12: =SUMIF('Sổ bán hàng'!$M$8:$M$407,A12,'Sổ bán hàng'!$L$8:$L$407) -> 0 | G12: =IFERROR(AVERAGEIF('Sổ bán hàng'!$M$8:$M$407,A12,'Sổ bán hàng'!$L$8:$L$407),0) -> 0 | H12: =IF($F$16=0,0,F12/$F$16) -> 0 | I12: =SUM($F$4:F12) -> 0 | K12: Sản phẩm doanh thu cao nhất | L12: =INDEX(B20:B29,MATCH(MAX(D20:D29),D20:D29,0)) -> 0
A13: 10 | B13: =COUNTIF('Sổ bán hàng'!$M$8:$M$407,A13) -> 0 | C13: =SUMIF('Sổ bán hàng'!$M$8:$M$407,A13,'Sổ bán hàng'!$F$8:$F$407) -> 0 | D13: =SUMIF('Sổ bán hàng'!$M$8:$M$407,A13,'Sổ bán hàng'!$H$8:$H$407) -> 0 | E13: =SUMIF('Sổ bán hàng'!$M$8:$M$407,A13,'Sổ bán hàng'!$J$8:$J$407) -> 0 | F13: =SUMIF('Sổ bán hàng'!$M$8:$M$407,A13,'Sổ bán hàng'!$L$8:$L$407) -> 0 | G13: =IFERROR(AVERAGEIF('Sổ bán hàng'!$M$8:$M$407,A13,'Sổ bán hàng'!$L$8:$L$407),0) -> 0 | H13: =IF($F$16=0,0,F13/$F$16) -> 0 | I13: =SUM($F$4:F13) -> 0 | K13: Dòng có mã hàng lạ | L13: =COUNTIF('Sổ bán hàng'!$E$8:$E$407,"Không rõ mã") -> 0
A14: 11 | B14: =COUNTIF('Sổ bán hàng'!$M$8:$M$407,A14) -> 0 | C14: =SUMIF('Sổ bán hàng'!$M$8:$M$407,A14,'Sổ bán hàng'!$F$8:$F$407) -> 0 | D14: =SUMIF('Sổ bán hàng'!$M$8:$M$407,A14,'Sổ bán hàng'!$H$8:$H$407) -> 0 | E14: =SUMIF('Sổ bán hàng'!$M$8:$M$407,A14,'Sổ bán hàng'!$J$8:$J$407) -> 0 | F14: =SUMIF('Sổ bán hàng'!$M$8:$M$407,A14,'Sổ bán hàng'!$L$8:$L$407) -> 0 | G14: =IFERROR(AVERAGEIF('Sổ bán hàng'!$M$8:$M$407,A14,'Sổ bán hàng'!$L$8:$L$407),0) -> 0 | H14: =IF($F$16=0,0,F14/$F$16) -> 0 | I14: =SUM($F$4:F14) -> 0 | K14: Dòng được chiết khấu | L14: =COUNTIF('Sổ bán hàng'!$I$8:$I$407,">0") -> 0
A15: 12 | B15: =COUNTIF('Sổ bán hàng'!$M$8:$M$407,A15) -> 0 | C15: =SUMIF('Sổ bán hàng'!$M$8:$M$407,A15,'Sổ bán hàng'!$F$8:$F$407) -> 0 | D15: =SUMIF('Sổ bán hàng'!$M$8:$M$407,A15,'Sổ bán hàng'!$H$8:$H$407) -> 0 | E15: =SUMIF('Sổ bán hàng'!$M$8:$M$407,A15,'Sổ bán hàng'!$J$8:$J$407) -> 0 | F15: =SUMIF('Sổ bán hàng'!$M$8:$M$407,A15,'Sổ bán hàng'!$L$8:$L$407) -> 0 | G15: =IFERROR(AVERAGEIF('Sổ bán hàng'!$M$8:$M$407,A15,'Sổ bán hàng'!$L$8:$L$407),0) -> 0 | H15: =IF($F$16=0,0,F15/$F$16) -> 0 | I15: =SUM($F$4:F15) -> 0
A16: Cả năm | B16: =SUM(B4:B15) -> 0 | C16: =SUM(C4:C15) -> 0 | D16: =SUM(D4:D15) -> 0 | E16: =SUM(E4:E15) -> 0 | F16: =SUM(F4:F15) -> 0 | G16: =IFERROR(F16/B16,0) -> 0 | H16: =SUM(H4:H15) -> 0
A19: Mã hàng | B19: Tên hàng | C19: Số lượng bán | D19: Doanh thu | E19: Xếp hạng
A20: SP-01 | B20: =INDEX('Danh mục'!$B$4:$B$13,MATCH(A20,'Danh mục'!$A$4:$A$13,0)) | C20: =SUMIF('Sổ bán hàng'!$D$8:$D$407,A20,'Sổ bán hàng'!$F$8:$F$407) -> 0 | D20: =SUMIF('Sổ bán hàng'!$D$8:$D$407,A20,'Sổ bán hàng'!$H$8:$H$407) -> 0 | E20: =RANK(D20,$D$20:$D$29) -> 0
A21: SP-02 | B21: =INDEX('Danh mục'!$B$4:$B$13,MATCH(A21,'Danh mục'!$A$4:$A$13,0)) | C21: =SUMIF('Sổ bán hàng'!$D$8:$D$407,A21,'Sổ bán hàng'!$F$8:$F$407) -> 0 | D21: =SUMIF('Sổ bán hàng'!$D$8:$D$407,A21,'Sổ bán hàng'!$H$8:$H$407) -> 0 | E21: =RANK(D21,$D$20:$D$29) -> 0
A22: SP-03 | B22: =INDEX('Danh mục'!$B$4:$B$13,MATCH(A22,'Danh mục'!$A$4:$A$13,0)) | C22: =SUMIF('Sổ bán hàng'!$D$8:$D$407,A22,'Sổ bán hàng'!$F$8:$F$407) -> 0 | D22: =SUMIF('Sổ bán hàng'!$D$8:$D$407,A22,'Sổ bán hàng'!$H$8:$H$407) -> 0 | E22: =RANK(D22,$D$20:$D$29) -> 0
A23: SP-04 | B23: =INDEX('Danh mục'!$B$4:$B$13,MATCH(A23,'Danh mục'!$A$4:$A$13,0)) | C23: =SUMIF('Sổ bán hàng'!$D$8:$D$407,A23,'Sổ bán hàng'!$F$8:$F$407) -> 0 | D23: =SUMIF('Sổ bán hàng'!$D$8:$D$407,A23,'Sổ bán hàng'!$H$8:$H$407) -> 0 | E23: =RANK(D23,$D$20:$D$29) -> 0
A24: SP-05 | B24: =INDEX('Danh mục'!$B$4:$B$13,MATCH(A24,'Danh mục'!$A$4:$A$13,0)) | C24: =SUMIF('Sổ bán hàng'!$D$8:$D$407,A24,'Sổ bán hàng'!$F$8:$F$407) -> 0 | D24: =SUMIF('Sổ bán hàng'!$D$8:$D$407,A24,'Sổ bán hàng'!$H$8:$H$407) -> 0 | E24: =RANK(D24,$D$20:$D$29) -> 0
A25: SP-06 | B25: =INDEX('Danh mục'!$B$4:$B$13,MATCH(A25,'Danh mục'!$A$4:$A$13,0)) | C25: =SUMIF('Sổ bán hàng'!$D$8:$D$407,A25,'Sổ bán hàng'!$F$8:$F$407) -> 0 | D25: =SUMIF('Sổ bán hàng'!$D$8:$D$407,A25,'Sổ bán hàng'!$H$8:$H$407) -> 0 | E25: =RANK(D25,$D$20:$D$29) -> 0
A26: SP-07 | B26: =INDEX('Danh mục'!$B$4:$B$13,MATCH(A26,'Danh mục'!$A$4:$A$13,0)) | C26: =SUMIF('Sổ bán hàng'!$D$8:$D$407,A26,'Sổ bán hàng'!$F$8:$F$407) -> 0 | D26: =SUMIF('Sổ bán hàng'!$D$8:$D$407,A26,'Sổ bán hàng'!$H$8:$H$407) -> 0 | E26: =RANK(D26,$D$20:$D$29) -> 0
A27: SP-08 | B27: =INDEX('Danh mục'!$B$4:$B$13,MATCH(A27,'Danh mục'!$A$4:$A$13,0)) | C27: =SUMIF('Sổ bán hàng'!$D$8:$D$407,A27,'Sổ bán hàng'!$F$8:$F$407) -> 0 | D27: =SUMIF('Sổ bán hàng'!$D$8:$D$407,A27,'Sổ bán hàng'!$H$8:$H$407) -> 0 | E27: =RANK(D27,$D$20:$D$29) -> 0
A28: SP-09 | B28: =INDEX('Danh mục'!$B$4:$B$13,MATCH(A28,'Danh mục'!$A$4:$A$13,0)) | C28: =SUMIF('Sổ bán hàng'!$D$8:$D$407,A28,'Sổ bán hàng'!$F$8:$F$407) -> 0 | D28: =SUMIF('Sổ bán hàng'!$D$8:$D$407,A28,'Sổ bán hàng'!$H$8:$H$407) -> 0 | E28: =RANK(D28,$D$20:$D$29) -> 0
A29: SP-10 | B29: =INDEX('Danh mục'!$B$4:$B$13,MATCH(A29,'Danh mục'!$A$4:$A$13,0)) | C29: =SUMIF('Sổ bán hàng'!$D$8:$D$407,A29,'Sổ bán hàng'!$F$8:$F$407) -> 0 | D29: =SUMIF('Sổ bán hàng'!$D$8:$D$407,A29,'Sổ bán hàng'!$H$8:$H$407) -> 0 | E29: =RANK(D29,$D$20:$D$29) -> 0
