Workbook

Sheet Bảng lương
A1: BẢNG LƯƠNG, BẢO HIỂM VÀ THUẾ TNCN
A3: Công ty:
A4: Kỳ lương:
A5: Ngày công chuẩn:
A7: Mã NV | B7: Họ tên | C7: Phòng ban | D7: Lương cơ bản | E7: Ngày công | F7: Giờ tăng ca | G7: Số NPT | H7: Phụ cấp | I7: Lương theo công | J7: Tiền tăng ca | K7: Tổng thu nhập | L7: BHXH-BHYT-BHTN | M7: Thu nhập tính thuế | N7: Thuế TNCN | O7: Thực lĩnh | P7: Xếp loại công
H8: =IF(C8="","",IFERROR(VLOOKUP(C8,'Tham số'!$A$20:$B$25,2,FALSE),0)) | I8: =IF(D8="","",ROUND(D8*E8/IF(N($B$5)=0,26,$B$5),0)) | J8: =IF(D8="","",ROUND(D8/IF(N($B$5)=0,26,$B$5)/8*1.5*N(F8),0)) | K8: =IF(D8="","",I8+J8+N(H8)) | L8: =IF(D8="","",ROUND(MIN(D8,'Tham số'!$B$6)*'Tham số'!$B$5,0)) | M8: =IF(D8="","",MAX(0,K8-L8-'Tham số'!$B$3-N(G8)*'Tham số'!$B$4)) | N8: =IF(D8="","",ROUND(SUMPRODUCT(--(M8>'Tham số'!$A$10:$A$16),M8-'Tham số'!$A$10:$A$16,'Tham số'!$C$10:$C$16),0)) | O8: =IF(D8="","",K8-L8-N8) | P8: =IF(E8="","",IF(E8>=IF(N($B$5)=0,26,$B$5),"Đủ công",IF(E8>=IF(N($B$5)=0,26,$B$5)-3,"Thiếu ít","Thiếu nhiều")))
H9: =IF(C9="","",IFERROR(VLOOKUP(C9,'Tham số'!$A$20:$B$25,2,FALSE),0)) | I9: =IF(D9="","",ROUND(D9*E9/IF(N($B$5)=0,26,$B$5),0)) | J9: =IF(D9="","",ROUND(D9/IF(N($B$5)=0,26,$B$5)/8*1.5*N(F9),0)) | K9: =IF(D9="","",I9+J9+N(H9)) | L9: =IF(D9="","",ROUND(MIN(D9,'Tham số'!$B$6)*'Tham số'!$B$5,0)) | M9: =IF(D9="","",MAX(0,K9-L9-'Tham số'!$B$3-N(G9)*'Tham số'!$B$4)) | N9: =IF(D9="","",ROUND(SUMPRODUCT(--(M9>'Tham số'!$A$10:$A$16),M9-'Tham số'!$A$10:$A$16,'Tham số'!$C$10:$C$16),0)) | O9: =IF(D9="","",K9-L9-N9) | P9: =IF(E9="","",IF(E9>=IF(N($B$5)=0,26,$B$5),"Đủ công",IF(E9>=IF(N($B$5)=0,26,$B$5)-3,"Thiếu ít","Thiếu nhiều")))
H10: =IF(C10="","",IFERROR(VLOOKUP(C10,'Tham số'!$A$20:$B$25,2,FALSE),0)) | I10: =IF(D10="","",ROUND(D10*E10/IF(N($B$5)=0,26,$B$5),0)) | J10: =IF(D10="","",ROUND(D10/IF(N($B$5)=0,26,$B$5)/8*1.5*N(F10),0)) | K10: =IF(D10="","",I10+J10+N(H10)) | L10: =IF(D10="","",ROUND(MIN(D10,'Tham số'!$B$6)*'Tham số'!$B$5,0)) | M10: =IF(D10="","",MAX(0,K10-L10-'Tham số'!$B$3-N(G10)*'Tham số'!$B$4)) | N10: =IF(D10="","",ROUND(SUMPRODUCT(--(M10>'Tham số'!$A$10:$A$16),M10-'Tham số'!$A$10:$A$16,'Tham số'!$C$10:$C$16),0)) | O10: =IF(D10="","",K10-L10-N10) | P10: =IF(E10="","",IF(E10>=IF(N($B$5)=0,26,$B$5),"Đủ công",IF(E10>=IF(N($B$5)=0,26,$B$5)-3,"Thiếu ít","Thiếu nhiều")))
H11: =IF(C11="","",IFERROR(VLOOKUP(C11,'Tham số'!$A$20:$B$25,2,FALSE),0)) | I11: =IF(D11="","",ROUND(D11*E11/IF(N($B$5)=0,26,$B$5),0)) | J11: =IF(D11="","",ROUND(D11/IF(N($B$5)=0,26,$B$5)/8*1.5*N(F11),0)) | K11: =IF(D11="","",I11+J11+N(H11)) | L11: =IF(D11="","",ROUND(MIN(D11,'Tham số'!$B$6)*'Tham số'!$B$5,0)) | M11: =IF(D11="","",MAX(0,K11-L11-'Tham số'!$B$3-N(G11)*'Tham số'!$B$4)) | N11: =IF(D11="","",ROUND(SUMPRODUCT(--(M11>'Tham số'!$A$10:$A$16),M11-'Tham số'!$A$10:$A$16,'Tham số'!$C$10:$C$16),0)) | O11: =IF(D11="","",K11-L11-N11) | P11: =IF(E11="","",IF(E11>=IF(N($B$5)=0,26,$B$5),"Đủ công",IF(E11>=IF(N($B$5)=0,26,$B$5)-3,"Thiếu ít","Thiếu nhiều")))
H12: =IF(C12="","",IFERROR(VLOOKUP(C12,'Tham số'!$A$20:$B$25,2,FALSE),0)) | I12: =IF(D12="","",ROUND(D12*E12/IF(N($B$5)=0,26,$B$5),0)) | J12: =IF(D12="","",ROUND(D12/IF(N($B$5)=0,26,$B$5)/8*1.5*N(F12),0)) | K12: =IF(D12="","",I12+J12+N(H12)) | L12: =IF(D12="","",ROUND(MIN(D12,'Tham số'!$B$6)*'Tham số'!$B$5,0)) | M12: =IF(D12="","",MAX(0,K12-L12-'Tham số'!$B$3-N(G12)*'Tham số'!$B$4)) | N12: =IF(D12="","",ROUND(SUMPRODUCT(--(M12>'Tham số'!$A$10:$A$16),M12-'Tham số'!$A$10:$A$16,'Tham số'!$C$10:$C$16),0)) | O12: =IF(D12="","",K12-L12-N12) | P12: =IF(E12="","",IF(E12>=IF(N($B$5)=0,26,$B$5),"Đủ công",IF(E12>=IF(N($B$5)=0,26,$B$5)-3,"Thiếu ít","Thiếu nhiều")))
H13: =IF(C13="","",IFERROR(VLOOKUP(C13,'Tham số'!$A$20:$B$25,2,FALSE),0)) | I13: =IF(D13="","",ROUND(D13*E13/IF(N($B$5)=0,26,$B$5),0)) | J13: =IF(D13="","",ROUND(D13/IF(N($B$5)=0,26,$B$5)/8*1.5*N(F13),0)) | K13: =IF(D13="","",I13+J13+N(H13)) | L13: =IF(D13="","",ROUND(MIN(D13,'Tham số'!$B$6)*'Tham số'!$B$5,0)) | M13: =IF(D13="","",MAX(0,K13-L13-'Tham số'!$B$3-N(G13)*'Tham số'!$B$4)) | N13: =IF(D13="","",ROUND(SUMPRODUCT(--(M13>'Tham số'!$A$10:$A$16),M13-'Tham số'!$A$10:$A$16,'Tham số'!$C$10:$C$16),0)) | O13: =IF(D13="","",K13-L13-N13) | P13: =IF(E13="","",IF(E13>=IF(N($B$5)=0,26,$B$5),"Đủ công",IF(E13>=IF(N($B$5)=0,26,$B$5)-3,"Thiếu ít","Thiếu nhiều")))
H14: =IF(C14="","",IFERROR(VLOOKUP(C14,'Tham số'!$A$20:$B$25,2,FALSE),0)) | I14: =IF(D14="","",ROUND(D14*E14/IF(N($B$5)=0,26,$B$5),0)) | J14: =IF(D14="","",ROUND(D14/IF(N($B$5)=0,26,$B$5)/8*1.5*N(F14),0)) | K14: =IF(D14="","",I14+J14+N(H14)) | L14: =IF(D14="","",ROUND(MIN(D14,'Tham số'!$B$6)*'Tham số'!$B$5,0)) | M14: =IF(D14="","",MAX(0,K14-L14-'Tham số'!$B$3-N(G14)*'Tham số'!$B$4)) | N14: =IF(D14="","",ROUND(SUMPRODUCT(--(M14>'Tham số'!$A$10:$A$16),M14-'Tham số'!$A$10:$A$16,'Tham số'!$C$10:$C$16),0)) | O14: =IF(D14="","",K14-L14-N14) | P14: =IF(E14="","",IF(E14>=IF(N($B$5)=0,26,$B$5),"Đủ công",IF(E14>=IF(N($B$5)=0,26,$B$5)-3,"Thiếu ít","Thiếu nhiều")))
H15: =IF(C15="","",IFERROR(VLOOKUP(C15,'Tham số'!$A$20:$B$25,2,FALSE),0)) | I15: =IF(D15="","",ROUND(D15*E15/IF(N($B$5)=0,26,$B$5),0)) | J15: =IF(D15="","",ROUND(D15/IF(N($B$5)=0,26,$B$5)/8*1.5*N(F15),0)) | K15: =IF(D15="","",I15+J15+N(H15)) | L15: =IF(D15="","",ROUND(MIN(D15,'Tham số'!$B$6)*'Tham số'!$B$5,0)) | M15: =IF(D15="","",MAX(0,K15-L15-'Tham số'!$B$3-N(G15)*'Tham số'!$B$4)) | N15: =IF(D15="","",ROUND(SUMPRODUCT(--(M15>'Tham số'!$A$10:$A$16),M15-'Tham số'!$A$10:$A$16,'Tham số'!$C$10:$C$16),0)) | O15: =IF(D15="","",K15-L15-N15) | P15: =IF(E15="","",IF(E15>=IF(N($B$5)=0,26,$B$5),"Đủ công",IF(E15>=IF(N($B$5)=0,26,$B$5)-3,"Thiếu ít","Thiếu nhiều")))
H16: =IF(C16="","",IFERROR(VLOOKUP(C16,'Tham số'!$A$20:$B$25,2,FALSE),0)) | I16: =IF(D16="","",ROUND(D16*E16/IF(N($B$5)=0,26,$B$5),0)) | J16: =IF(D16="","",ROUND(D16/IF(N($B$5)=0,26,$B$5)/8*1.5*N(F16),0)) | K16: =IF(D16="","",I16+J16+N(H16)) | L16: =IF(D16="","",ROUND(MIN(D16,'Tham số'!$B$6)*'Tham số'!$B$5,0)) | M16: =IF(D16="","",MAX(0,K16-L16-'Tham số'!$B$3-N(G16)*'Tham số'!$B$4)) | N16: =IF(D16="","",ROUND(SUMPRODUCT(--(M16>'Tham số'!$A$10:$A$16),M16-'Tham số'!$A$10:$A$16,'Tham số'!$C$10:$C$16),0)) | O16: =IF(D16="","",K16-L16-N16) | P16: =IF(E16="","",IF(E16>=IF(N($B$5)=0,26,$B$5),"Đủ công",IF(E16>=IF(N($B$5)=0,26,$B$5)-3,"Thiếu ít","Thiếu nhiều")))
H17: =IF(C17="","",IFERROR(VLOOKUP(C17,'Tham số'!$A$20:$B$25,2,FALSE),0)) | I17: =IF(D17="","",ROUND(D17*E17/IF(N($B$5)=0,26,$B$5),0)) | J17: =IF(D17="","",ROUND(D17/IF(N($B$5)=0,26,$B$5)/8*1.5*N(F17),0)) | K17: =IF(D17="","",I17+J17+N(H17)) | L17: =IF(D17="","",ROUND(MIN(D17,'Tham số'!$B$6)*'Tham số'!$B$5,0)) | M17: =IF(D17="","",MAX(0,K17-L17-'Tham số'!$B$3-N(G17)*'Tham số'!$B$4)) | N17: =IF(D17="","",ROUND(SUMPRODUCT(--(M17>'Tham số'!$A$10:$A$16),M17-'Tham số'!$A$10:$A$16,'Tham số'!$C$10:$C$16),0)) | O17: =IF(D17="","",K17-L17-N17) | P17: =IF(E17="","",IF(E17>=IF(N($B$5)=0,26,$B$5),"Đủ công",IF(E17>=IF(N($B$5)=0,26,$B$5)-3,"Thiếu ít","Thiếu nhiều")))
H18: =IF(C18="","",IFERROR(VLOOKUP(C18,'Tham số'!$A$20:$B$25,2,FALSE),0)) | I18: =IF(D18="","",ROUND(D18*E18/IF(N($B$5)=0,26,$B$5),0)) | J18: =IF(D18="","",ROUND(D18/IF(N($B$5)=0,26,$B$5)/8*1.5*N(F18),0)) | K18: =IF(D18="","",I18+J18+N(H18)) | L18: =IF(D18="","",ROUND(MIN(D18,'Tham số'!$B$6)*'Tham số'!$B$5,0)) | M18: =IF(D18="","",MAX(0,K18-L18-'Tham số'!$B$3-N(G18)*'Tham số'!$B$4)) | N18: =IF(D18="","",ROUND(SUMPRODUCT(--(M18>'Tham số'!$A$10:$A$16),M18-'Tham số'!$A$10:$A$16,'Tham số'!$C$10:$C$16),0)) | O18: =IF(D18="","",K18-L18-N18) | P18: =IF(E18="","",IF(E18>=IF(N($B$5)=0,26,$B$5),"Đủ công",IF(E18>=IF(N($B$5)=0,26,$B$5)-3,"Thiếu ít","Thiếu nhiều")))
H19: =IF(C19="","",IFERROR(VLOOKUP(C19,'Tham số'!$A$20:$B$25,2,FALSE),0)) | I19: =IF(D19="","",ROUND(D19*E19/IF(N($B$5)=0,26,$B$5),0)) | J19: =IF(D19="","",ROUND(D19/IF(N($B$5)=0,26,$B$5)/8*1.5*N(F19),0)) | K19: =IF(D19="","",I19+J19+N(H19)) | L19: =IF(D19="","",ROUND(MIN(D19,'Tham số'!$B$6)*'Tham số'!$B$5,0)) | M19: =IF(D19="","",MAX(0,K19-L19-'Tham số'!$B$3-N(G19)*'Tham số'!$B$4)) | N19: =IF(D19="","",ROUND(SUMPRODUCT(--(M19>'Tham số'!$A$10:$A$16),M19-'Tham số'!$A$10:$A$16,'Tham số'!$C$10:$C$16),0)) | O19: =IF(D19="","",K19-L19-N19) | P19: =IF(E19="","",IF(E19>=IF(N($B$5)=0,26,$B$5),"Đủ công",IF(E19>=IF(N($B$5)=0,26,$B$5)-3,"Thiếu ít","Thiếu nhiều")))
... H157: =IF(C157="","",IFERROR(VLOOKUP(C157,'Tham số'!$A$20:$B$25,2,FALSE),0)) | I157: =IF(D157="","",ROUND(D157*E157/IF(N($B$5)=0,26,$B$5),0)) | J157: =IF(D157="","",ROUND(D157/IF(N($B$5)=0,26,$B$5)/8*1.5*N(F157),0)) | K157: =IF(D157="","",I157+J157+N(H157)) | L157: =IF(D157="","",ROUND(MIN(D157,'Tham số'!$B$6)*'Tham số'!$B$5,0)) | M157: =IF(D157="","",MAX(0,K157-L157-'Tham số'!$B$3-N(G157)*'Tham số'!$B$4)) | N157: =IF(D157="","",ROUND(SUMPRODUCT(--(M157>'Tham số'!$A$10:$A$16),M157-'Tham số'!$A$10:$A$16,'Tham số'!$C$10:$C$16),0)) | O157: =IF(D157="","",K157-L157-N157) | P157: =IF(E157="","",IF(E157>=IF(N($B$5)=0,26,$B$5),"Đủ công",IF(E157>=IF(N($B$5)=0,26,$B$5)-3,"Thiếu ít","Thiếu nhiều")))
A158: =COUNTA(B8:B157)&" người" | B158: Tổng cộng | D158: =SUM(D8:D157) -> 0 | F158: =SUM(F8:F157) -> 0 | H158: =SUM(H8:H157) -> 0 | I158: =SUM(I8:I157) -> 0 | J158: =SUM(J8:J157) -> 0 | K158: =SUM(K8:K157) -> 0 | L158: =SUM(L8:L157) -> 0 | N158: =SUM(N8:N157) -> 0 | O158: =SUM(O8:O157) -> 0

Sheet Tham số
A1: THAM SỐ TÍNH LƯƠNG (minh họa, cần đối chiếu quy định hiện hành trước khi dùng thật)
A3: Giảm trừ bản thân | B3: 11000000
A4: Giảm trừ mỗi người phụ thuộc | B4: 4400000
A5: Tỷ lệ BH người lao động đóng | B5: 0.105
A6: Trần lương đóng BH | B6: 46800000
A8: Biểu thuế lũy tiến từng phần (theo tháng)
A9: Thu nhập tính thuế từ | B9: Thuế suất | C9: Chênh lệch thuế suất
A10: 0 | B10: 0.05 | C10: =B10 -> 0.05
A11: 5000000 | B11: 0.1 | C11: =B11-B10 -> 0.1
A12: 10000000 | B12: 0.15 | C12: =B12-B11 -> 0.15
A13: 18000000 | B13: 0.2 | C13: =B13-B12 -> 0.2
A14: 32000000 | B14: 0.25 | C14: =B14-B13 -> 0.25
A15: 52000000 | B15: 0.3 | C15: =B15-B14 -> 0.3
A16: 80000000 | B16: 0.35 | C16: =B16-B15 -> 0.35
A18: Phụ cấp theo phòng ban
A19: Phòng ban | B19: Phụ cấp
A20: Kinh doanh | B20: 1500000
A21: Kế toán | B21: 1000000
A22: Kỹ thuật | B22: 2000000
A23: Nhân sự | B23: 800000
A24: Kho vận | B24: 700000
A25: Chăm sóc KH | B25: 900000

Sheet Tổng hợp
A1: TỔNG HỢP QUỸ LƯƠNG THEO PHÒNG BAN
A3: Phòng ban | B3: Số NV | C3: Tổng thu nhập | D3: Bảo hiểm | E3: Thuế TNCN | F3: Thực lĩnh | G3: TB thực lĩnh | H3: Tỷ trọng | J3: CHỈ SỐ NHANH
A4: Kinh doanh | B4: =COUNTIF('Bảng lương'!$C$8:$C$157,A4) -> 0 | C4: =SUMIF('Bảng lương'!$C$8:$C$157,A4,'Bảng lương'!$K$8:$K$157) -> 0 | D4: =SUMIF('Bảng lương'!$C$8:$C$157,A4,'Bảng lương'!$L$8:$L$157) -> 0 | E4: =SUMIF('Bảng lương'!$C$8:$C$157,A4,'Bảng lương'!$N$8:$N$157) -> 0 | F4: =SUMIF('Bảng lương'!$C$8:$C$157,A4,'Bảng lương'!$O$8:$O$157) -> 0 | G4: =IFERROR(AVERAGEIF('Bảng lương'!$C$8:$C$157,A4,'Bảng lương'!$O$8:$O$157),0) -> 0 | H4: =IF($F$11=0,0,F4/$F$11) -> 0 | J4: Thực lĩnh cao nhất | K4: =MAX('Bảng lương'!$O$8:$O$157) -> 0
A5: Kế toán | B5: =COUNTIF('Bảng lương'!$C$8:$C$157,A5) -> 0 | C5: =SUMIF('Bảng lương'!$C$8:$C$157,A5,'Bảng lương'!$K$8:$K$157) -> 0 | D5: =SUMIF('Bảng lương'!$C$8:$C$157,A5,'Bảng lương'!$L$8:$L$157) -> 0 | E5: =SUMIF('Bảng lương'!$C$8:$C$157,A5,'Bảng lương'!$N$8:$N$157) -> 0 | F5: =SUMIF('Bảng lương'!$C$8:$C$157,A5,'Bảng lương'!$O$8:$O$157) -> 0 | G5: =IFERROR(AVERAGEIF('Bảng lương'!$C$8:$C$157,A5,'Bảng lương'!$O$8:$O$157),0) -> 0 | H5: =IF($F$11=0,0,F5/$F$11) -> 0 | J5: Thực lĩnh thấp nhất | K5: =MIN('Bảng lương'!$O$8:$O$157) -> 0
A6: Kỹ thuật | B6: =COUNTIF('Bảng lương'!$C$8:$C$157,A6) -> 0 | C6: =SUMIF('Bảng lương'!$C$8:$C$157,A6,'Bảng lương'!$K$8:$K$157) -> 0 | D6: =SUMIF('Bảng lương'!$C$8:$C$157,A6,'Bảng lương'!$L$8:$L$157) -> 0 | E6: =SUMIF('Bảng lương'!$C$8:$C$157,A6,'Bảng lương'!$N$8:$N$157) -> 0 | F6: =SUMIF('Bảng lương'!$C$8:$C$157,A6,'Bảng lương'!$O$8:$O$157) -> 0 | G6: =IFERROR(AVERAGEIF('Bảng lương'!$C$8:$C$157,A6,'Bảng lương'!$O$8:$O$157),0) -> 0 | H6: =IF($F$11=0,0,F6/$F$11) -> 0 | J6: Trung vị thực lĩnh | K6: =IFERROR(MEDIAN('Bảng lương'!$O$8:$O$157),0) -> 0
A7: Nhân sự | B7: =COUNTIF('Bảng lương'!$C$8:$C$157,A7) -> 0 | C7: =SUMIF('Bảng lương'!$C$8:$C$157,A7,'Bảng lương'!$K$8:$K$157) -> 0 | D7: =SUMIF('Bảng lương'!$C$8:$C$157,A7,'Bảng lương'!$L$8:$L$157) -> 0 | E7: =SUMIF('Bảng lương'!$C$8:$C$157,A7,'Bảng lương'!$N$8:$N$157) -> 0 | F7: =SUMIF('Bảng lương'!$C$8:$C$157,A7,'Bảng lương'!$O$8:$O$157) -> 0 | G7: =IFERROR(AVERAGEIF('Bảng lương'!$C$8:$C$157,A7,'Bảng lương'!$O$8:$O$157),0) -> 0 | H7: =IF($F$11=0,0,F7/$F$11) -> 0 | J7: Người lĩnh cao nhất | K7: =INDEX('Bảng lương'!$B$8:$B$157,MATCH(MAX('Bảng lương'!$O$8:$O$157),'Bảng lương'!$O$8:$O$157,0)) -> 0
A8: Kho vận | B8: =COUNTIF('Bảng lương'!$C$8:$C$157,A8) -> 0 | C8: =SUMIF('Bảng lương'!$C$8:$C$157,A8,'Bảng lương'!$K$8:$K$157) -> 0 | D8: =SUMIF('Bảng lương'!$C$8:$C$157,A8,'Bảng lương'!$L$8:$L$157) -> 0 | E8: =SUMIF('Bảng lương'!$C$8:$C$157,A8,'Bảng lương'!$N$8:$N$157) -> 0 | F8: =SUMIF('Bảng lương'!$C$8:$C$157,A8,'Bảng lương'!$O$8:$O$157) -> 0 | G8: =IFERROR(AVERAGEIF('Bảng lương'!$C$8:$C$157,A8,'Bảng lương'!$O$8:$O$157),0) -> 0 | H8: =IF($F$11=0,0,F8/$F$11) -> 0 | J8: Số người phải nộp thuế | K8: =COUNTIF('Bảng lương'!$N$8:$N$157,">0") -> 0
A9: Chăm sóc KH | B9: =COUNTIF('Bảng lương'!$C$8:$C$157,A9) -> 0 | C9: =SUMIF('Bảng lương'!$C$8:$C$157,A9,'Bảng lương'!$K$8:$K$157) -> 0 | D9: =SUMIF('Bảng lương'!$C$8:$C$157,A9,'Bảng lương'!$L$8:$L$157) -> 0 | E9: =SUMIF('Bảng lương'!$C$8:$C$157,A9,'Bảng lương'!$N$8:$N$157) -> 0 | F9: =SUMIF('Bảng lương'!$C$8:$C$157,A9,'Bảng lương'!$O$8:$O$157) -> 0 | G9: =IFERROR(AVERAGEIF('Bảng lương'!$C$8:$C$157,A9,'Bảng lương'!$O$8:$O$157),0) -> 0 | H9: =IF($F$11=0,0,F9/$F$11) -> 0 | J9: Số người thiếu nhiều công | K9: =COUNTIF('Bảng lương'!$P$8:$P$157,"Thiếu nhiều") -> 0
A10: Pháp chế | B10: =COUNTIF('Bảng lương'!$C$8:$C$157,A10) -> 0 | C10: =SUMIF('Bảng lương'!$C$8:$C$157,A10,'Bảng lương'!$K$8:$K$157) -> 0 | D10: =SUMIF('Bảng lương'!$C$8:$C$157,A10,'Bảng lương'!$L$8:$L$157) -> 0 | E10: =SUMIF('Bảng lương'!$C$8:$C$157,A10,'Bảng lương'!$N$8:$N$157) -> 0 | F10: =SUMIF('Bảng lương'!$C$8:$C$157,A10,'Bảng lương'!$O$8:$O$157) -> 0 | G10: =IFERROR(AVERAGEIF('Bảng lương'!$C$8:$C$157,A10,'Bảng lương'!$O$8:$O$157),0) -> 0 | H10: =IF($F$11=0,0,F10/$F$11) -> 0 | J10: Tổng giờ tăng ca | K10: =SUM('Bảng lương'!$F$8:$F$157) -> 0
A11: Toàn công ty | B11: =SUM(B4:B10) -> 0 | C11: =SUM(C4:C10) -> 0 | D11: =SUM(D4:D10) -> 0 | E11: =SUM(E4:E10) -> 0 | F11: =SUM(F4:F10) -> 0 | G11: =IFERROR(F11/B11,0) -> 0 | H11: =SUM(H4:H10) -> 0 | J11: Thuế / tổng thu nhập | K11: =IFERROR(SUM('Bảng lương'!$N$8:$N$157)/SUM('Bảng lương'!$K$8:$K$157),0) -> 0
